Tanggal,Kurs Jual
9/1/2021 12:00:00 AM,13083.57
9/2/2021 12:00:00 AM,13008.99
9/3/2021 12:00:00 AM,13048.83
9/6/2021 12:00:00 AM,13034.11
9/7/2021 12:00:00 AM,13024.67
9/8/2021 12:00:00 AM,12979.69
9/9/2021 12:00:00 AM,13015.01
9/10/2021 12:00:00 AM,13053.66
9/13/2021 12:00:00 AM,13009.49
9/14/2021 12:00:00 AM,13015.44
9/15/2021 12:00:00 AM,13022.17
9/16/2021 12:00:00 AM,13099.74
9/17/2021 12:00:00 AM,13083.29
9/20/2021 12:00:00 AM,13008.52
9/21/2021 12:00:00 AM,13060.61
9/22/2021 12:00:00 AM,13068.49
9/23/2021 12:00:00 AM,13080.24
9/24/2021 12:00:00 AM,13031.91
9/27/2021 12:00:00 AM,12972.15
9/28/2021 12:00:00 AM,12920.91
9/29/2021 12:00:00 AM,12885.57
9/30/2021 12:00:00 AM,12916.4
10/1/2021 12:00:00 AM,12857.43
10/4/2021 12:00:00 AM,12946.89
10/5/2021 12:00:00 AM,12903.48
10/6/2021 12:00:00 AM,12893.66
10/7/2021 12:00:00 AM,12835.06
10/8/2021 12:00:00 AM,12843.72
10/11/2021 12:00:00 AM,12772.38
10/12/2021 12:00:00 AM,12650.41
10/13/2021 12:00:00 AM,12601.95
10/14/2021 12:00:00 AM,12585.51
10/15/2021 12:00:00 AM,12543.67
10/18/2021 12:00:00 AM,12390.07
10/19/2021 12:00:00 AM,12385.45
10/21/2021 12:00:00 AM,12420.26
10/22/2021 12:00:00 AM,12456.08
10/25/2021 12:00:00 AM,12488.21
10/26/2021 12:00:00 AM,12550.78
10/27/2021 12:00:00 AM,12484.28
10/28/2021 12:00:00 AM,12543.93
10/29/2021 12:00:00 AM,12560.51
11/1/2021 12:00:00 AM,12528.03
11/2/2021 12:00:00 AM,12526.21
11/3/2021 12:00:00 AM,12627.59
11/4/2021 12:00:00 AM,12622.97
11/5/2021 12:00:00 AM,12631.49
11/8/2021 12:00:00 AM,12698.55
11/9/2021 12:00:00 AM,12638.23
11/10/2021 12:00:00 AM,12669.77
11/11/2021 12:00:00 AM,12661.78
11/12/2021 12:00:00 AM,12591.58
11/15/2021 12:00:00 AM,12553.03
11/16/2021 12:00:00 AM,12530.31
11/17/2021 12:00:00 AM,12510.56
11/18/2021 12:00:00 AM,12479.58
11/19/2021 12:00:00 AM,12527.07
11/22/2021 12:00:00 AM,12498.42
11/23/2021 12:00:00 AM,12552.6
11/24/2021 12:00:00 AM,12514.93
11/25/2021 12:00:00 AM,12464.9
11/26/2021 12:00:00 AM,12442.69
11/29/2021 12:00:00 AM,12555.91
11/30/2021 12:00:00 AM,12718.82
12/1/2021 12:00:00 AM,12753.99
12/2/2021 12:00:00 AM,12709.05
12/3/2021 12:00:00 AM,12768.3
12/6/2021 12:00:00 AM,12772.37
12/7/2021 12:00:00 AM,12825.39
12/8/2021 12:00:00 AM,12738.66
12/9/2021 12:00:00 AM,12701.26
12/10/2021 12:00:00 AM,12714
12/13/2021 12:00:00 AM,12714.38
12/14/2021 12:00:00 AM,12687.2
12/15/2021 12:00:00 AM,12686.73
12/16/2021 12:00:00 AM,12672.55
12/17/2021 12:00:00 AM,12635.62
12/20/2021 12:00:00 AM,12635.62
12/21/2021 12:00:00 AM,12748.85
12/22/2021 12:00:00 AM,12695.44
12/23/2021 12:00:00 AM,12541.84
12/24/2021 12:00:00 AM,12529.32
12/27/2021 12:00:00 AM,12493.53
12/28/2021 12:00:00 AM,12471.54
12/29/2021 12:00:00 AM,12462.49
12/30/2021 12:00:00 AM,12469.63
12/31/2021 12:00:00 AM,12451.46
1/3/2022 12:00:00 AM,12467.97
1/4/2022 12:00:00 AM,12442.61
1/5/2022 12:00:00 AM,12415.01
1/6/2022 12:00:00 AM,12453.06
1/7/2022 12:00:00 AM,12497.18
1/10/2022 12:00:00 AM,12465.92
1/11/2022 12:00:00 AM,12445.63
1/12/2022 12:00:00 AM,12462.49
1/13/2022 12:00:00 AM,12460.78
1/14/2022 12:00:00 AM,12563.38
1/17/2022 12:00:00 AM,12636.46
1/18/2022 12:00:00 AM,12582.71
1/19/2022 12:00:00 AM,12552.65
1/20/2022 12:00:00 AM,12620.69
1/21/2022 12:00:00 AM,12625.39
1/24/2022 12:00:00 AM,12649.13
1/25/2022 12:00:00 AM,12681.56
1/26/2022 12:00:00 AM,12667.71
1/27/2022 12:00:00 AM,12629.41
1/28/2022 12:00:00 AM,12581.09
1/31/2022 12:00:00 AM,12510.09
2/2/2022 12:00:00 AM,12528.33
2/3/2022 12:00:00 AM,12590.59
2/4/2022 12:00:00 AM,12606.11
2/7/2022 12:00:00 AM,12554.64
2/8/2022 12:00:00 AM,12576.91
2/9/2022 12:00:00 AM,12533.1
2/10/2022 12:00:00 AM,12511.12
2/11/2022 12:00:00 AM,12474.66
2/14/2022 12:00:00 AM,12434.98
2/15/2022 12:00:00 AM,12517.1
2/16/2022 12:00:00 AM,12428.36
2/17/2022 12:00:00 AM,12401.17
2/18/2022 12:00:00 AM,12491.32
2/21/2022 12:00:00 AM,12511.46
2/22/2022 12:00:00 AM,12529.93
2/23/2022 12:00:00 AM,12566.44
2/24/2022 12:00:00 AM,12531.95
2/25/2022 12:00:00 AM,12597.35
3/1/2022 12:00:00 AM,12525.67
3/2/2022 12:00:00 AM,12550.47
3/4/2022 12:00:00 AM,12543.3
3/7/2022 12:00:00 AM,12527.01
3/8/2022 12:00:00 AM,12598.35
3/9/2022 12:00:00 AM,12519.23
3/10/2022 12:00:00 AM,12471.17
3/11/2022 12:00:00 AM,12404.6
3/14/2022 12:00:00 AM,12294.79
3/15/2022 12:00:00 AM,12227.96
3/16/2022 12:00:00 AM,12215.76
3/17/2022 12:00:00 AM,12157.7
3/18/2022 12:00:00 AM,12098.95
3/21/2022 12:00:00 AM,12125.96
3/22/2022 12:00:00 AM,12090.19
3/23/2022 12:00:00 AM,11977.91
3/24/2022 12:00:00 AM,11926.54
3/25/2022 12:00:00 AM,11867.14
3/28/2022 12:00:00 AM,11860.36
3/29/2022 12:00:00 AM,11578.79
3/30/2022 12:00:00 AM,11670.97
3/31/2022 12:00:00 AM,11854.3
4/1/2022 12:00:00 AM,11815.26
4/4/2022 12:00:00 AM,11782.42
4/5/2022 12:00:00 AM,11774.05
4/6/2022 12:00:00 AM,11742.46
4/7/2022 12:00:00 AM,11663.42
4/8/2022 12:00:00 AM,11665.97
4/11/2022 12:00:00 AM,11634.16
4/12/2022 12:00:00 AM,11523.06
4/13/2022 12:00:00 AM,11488
4/14/2022 12:00:00 AM,11446.66
4/18/2022 12:00:00 AM,11497.05
4/19/2022 12:00:00 AM,11396.35
4/20/2022 12:00:00 AM,11234.8
4/21/2022 12:00:00 AM,11230.93
4/22/2022 12:00:00 AM,11261.9
4/25/2022 12:00:00 AM,11252.78
4/26/2022 12:00:00 AM,11337.34
4/27/2022 12:00:00 AM,11326.29
4/28/2022 12:00:00 AM,11325.69
5/9/2022 12:00:00 AM,11117.19
5/10/2022 12:00:00 AM,11135.68
5/11/2022 12:00:00 AM,11242.58
5/12/2022 12:00:00 AM,11261.64
5/13/2022 12:00:00 AM,11392.76
5/17/2022 12:00:00 AM,11409.57
5/18/2022 12:00:00 AM,11383.27
5/19/2022 12:00:00 AM,11417.94
5/20/2022 12:00:00 AM,11580.62
5/23/2022 12:00:00 AM,11506.68
5/24/2022 12:00:00 AM,11556.76
5/25/2022 12:00:00 AM,11558.17
5/27/2022 12:00:00 AM,11585.51
5/30/2022 12:00:00 AM,11532.5
5/31/2022 12:00:00 AM,11483.01
6/2/2022 12:00:00 AM,11463.27
6/3/2022 12:00:00 AM,11238.36
6/6/2022 12:00:00 AM,11157.99
6/7/2022 12:00:00 AM,11116.96
6/8/2022 12:00:00 AM,10950.15
6/9/2022 12:00:00 AM,10874.8
6/10/2022 12:00:00 AM,10941.57
6/13/2022 12:00:00 AM,10940.63
6/14/2022 12:00:00 AM,10976.97
6/15/2022 12:00:00 AM,11031.11
6/16/2022 12:00:00 AM,11011.84
6/17/2022 12:00:00 AM,11128
6/20/2022 12:00:00 AM,11075.54
6/21/2022 12:00:00 AM,11062.61
6/22/2022 12:00:00 AM,10997.95
6/23/2022 12:00:00 AM,10957.74
6/24/2022 12:00:00 AM,11007.96
6/27/2022 12:00:00 AM,11063.5
6/28/2022 12:00:00 AM,11023.35
6/29/2022 12:00:00 AM,10989.16
6/30/2022 12:00:00 AM,10960.15
7/1/2022 12:00:00 AM,10978.79
7/4/2022 12:00:00 AM,11094.46
7/5/2022 12:00:00 AM,11107.27
7/6/2022 12:00:00 AM,11092.67
7/7/2022 12:00:00 AM,11159.65
7/8/2022 12:00:00 AM,11058.76
7/11/2022 12:00:00 AM,11095
7/12/2022 12:00:00 AM,10995.35
7/13/2022 12:00:00 AM,10975.29
7/14/2022 12:00:00 AM,10990.24
7/15/2022 12:00:00 AM,10833.69
7/18/2022 12:00:00 AM,10853.97
7/19/2022 12:00:00 AM,10910.55
7/20/2022 12:00:00 AM,10941.08
7/21/2022 12:00:00 AM,10904.36
7/22/2022 12:00:00 AM,10888.95
7/25/2022 12:00:00 AM,10974.79
7/26/2022 12:00:00 AM,11049.4
7/27/2022 12:00:00 AM,11023.29
7/28/2022 12:00:00 AM,11021.54
7/29/2022 12:00:00 AM,11089.4
8/1/2022 12:00:00 AM,11246.55
8/2/2022 12:00:00 AM,11273.28
8/3/2022 12:00:00 AM,11438.3
8/4/2022 12:00:00 AM,11249.87
8/5/2022 12:00:00 AM,11184.23
8/8/2022 12:00:00 AM,11240.92
8/9/2022 12:00:00 AM,11100.1
8/10/2022 12:00:00 AM,11069.67
8/11/2022 12:00:00 AM,11078.54
8/12/2022 12:00:00 AM,11227.45
8/15/2022 12:00:00 AM,11076.34
8/16/2022 12:00:00 AM,11087.45
8/18/2022 12:00:00 AM,11105.08
8/19/2022 12:00:00 AM,11012.95
8/22/2022 12:00:00 AM,10922.6
8/23/2022 12:00:00 AM,10930.65
8/24/2022 12:00:00 AM,10902.88
8/25/2022 12:00:00 AM,10930.25
8/26/2022 12:00:00 AM,10918.19
8/29/2022 12:00:00 AM,10869.58
8/30/2022 12:00:00 AM,10787.68
8/31/2022 12:00:00 AM,10798.45
9/1/2022 12:00:00 AM,10770.81
9/2/2022 12:00:00 AM,10738.28
9/5/2022 12:00:00 AM,10676.24
9/6/2022 12:00:00 AM,10667.76
9/7/2022 12:00:00 AM,10567.55
9/8/2022 12:00:00 AM,10423.6
9/9/2022 12:00:00 AM,10415.46
9/12/2022 12:00:00 AM,10479.16
9/13/2022 12:00:00 AM,10442.68
9/14/2022 12:00:00 AM,10501.55
9/15/2022 12:00:00 AM,10467.34
9/16/2022 12:00:00 AM,10428.68
9/19/2022 12:00:00 AM,10466.15
9/20/2022 12:00:00 AM,10491.22
9/21/2022 12:00:00 AM,10486.99
9/22/2022 12:00:00 AM,10494.65
9/23/2022 12:00:00 AM,10365.81
9/26/2022 12:00:00 AM,10617.04
9/27/2022 12:00:00 AM,10565
9/28/2022 12:00:00 AM,10554.93
9/29/2022 12:00:00 AM,10594.94
9/30/2022 12:00:00 AM,10588.93
10/3/2022 12:00:00 AM,10610.04
10/4/2022 12:00:00 AM,10596.71
10/5/2022 12:00:00 AM,10614.2
10/6/2022 12:00:00 AM,10573.23
10/7/2022 12:00:00 AM,10560.77
10/10/2022 12:00:00 AM,10576.54
10/11/2022 12:00:00 AM,10573.17
10/12/2022 12:00:00 AM,10603.58
10/13/2022 12:00:00 AM,10569.79
10/14/2022 12:00:00 AM,10511.33
10/17/2022 12:00:00 AM,10486.07
10/18/2022 12:00:00 AM,10467.2
10/19/2022 12:00:00 AM,10437.29
10/20/2022 12:00:00 AM,10424.84
10/21/2022 12:00:00 AM,10446.99
10/24/2022 12:00:00 AM,10427.42
10/25/2022 12:00:00 AM,10497.79
10/26/2022 12:00:00 AM,10542.14
10/27/2022 12:00:00 AM,10660.4
10/28/2022 12:00:00 AM,10742.58
10/31/2022 12:00:00 AM,10617.71
11/1/2022 12:00:00 AM,10589.81
11/2/2022 12:00:00 AM,10631.63
11/3/2022 12:00:00 AM,10678.34
11/4/2022 12:00:00 AM,10653.29
11/7/2022 12:00:00 AM,10700.78
11/8/2022 12:00:00 AM,10688.94
11/9/2022 12:00:00 AM,10743.2
11/10/2022 12:00:00 AM,10812.56
11/11/2022 12:00:00 AM,10792.35
11/14/2022 12:00:00 AM,11029.59
11/15/2022 12:00:00 AM,11174.76
11/16/2022 12:00:00 AM,11228.07
11/17/2022 12:00:00 AM,11258.83
11/18/2022 12:00:00 AM,11322.49
11/21/2022 12:00:00 AM,11275.89
11/22/2022 12:00:00 AM,11203.36
11/23/2022 12:00:00 AM,11137.06
11/24/2022 12:00:00 AM,11175.37
11/25/2022 12:00:00 AM,11313.94
11/28/2022 12:00:00 AM,11345.44
11/29/2022 12:00:00 AM,11422.54
11/30/2022 12:00:00 AM,11450.68
12/1/2022 12:00:00 AM,11421.25
12/2/2022 12:00:00 AM,11495.7
12/5/2022 12:00:00 AM,11508.2
12/6/2022 12:00:00 AM,11464.35
12/7/2022 12:00:00 AM,11428.69
12/8/2022 12:00:00 AM,11426.87
12/9/2022 12:00:00 AM,11482.35
12/12/2022 12:00:00 AM,11482.87
12/13/2022 12:00:00 AM,11499.79
12/14/2022 12:00:00 AM,11455.94
12/15/2022 12:00:00 AM,11582.86
12/16/2022 12:00:00 AM,11567.12
12/19/2022 12:00:00 AM,11439.56
12/20/2022 12:00:00 AM,11562.16
12/21/2022 12:00:00 AM,11836.73
12/22/2022 12:00:00 AM,11905.99
12/23/2022 12:00:00 AM,11874.5
12/26/2022 12:00:00 AM,11836.24
12/27/2022 12:00:00 AM,11841.88
12/28/2022 12:00:00 AM,11842.35
12/29/2022 12:00:00 AM,11792.21
12/30/2022 12:00:00 AM,11816.77
1/2/2023 12:00:00 AM,11855.91
1/3/2023 12:00:00 AM,11951.02
1/4/2023 12:00:00 AM,12036.53
1/5/2023 12:00:00 AM,12050.28
1/6/2023 12:00:00 AM,11845.4
1/9/2023 12:00:00 AM,11698.31
1/10/2023 12:00:00 AM,11840.43
1/11/2023 12:00:00 AM,11855.42
1/12/2023 12:00:00 AM,11785.09
1/13/2023 12:00:00 AM,11737.35
1/16/2023 12:00:00 AM,11875.5
1/17/2023 12:00:00 AM,11797.79
1/18/2023 12:00:00 AM,11837.22
1/19/2023 12:00:00 AM,11687.68
1/20/2023 12:00:00 AM,11849.41
1/24/2023 12:00:00 AM,11787.62
1/25/2023 12:00:00 AM,11561.6
1/26/2023 12:00:00 AM,11523.79
1/27/2023 12:00:00 AM,11607.61
1/30/2023 12:00:00 AM,11584.49
1/31/2023 12:00:00 AM,11606.71
2/1/2023 12:00:00 AM,11581.06
2/2/2023 12:00:00 AM,11575.84
2/3/2023 12:00:00 AM,11616.53
2/6/2023 12:00:00 AM,11641.78
2/7/2023 12:00:00 AM,11472.76
2/8/2023 12:00:00 AM,11510.58
2/9/2023 12:00:00 AM,11606.54
2/10/2023 12:00:00 AM,11594.38
2/13/2023 12:00:00 AM,11687.3
2/14/2023 12:00:00 AM,11571.76
2/15/2023 12:00:00 AM,11540.5
2/16/2023 12:00:00 AM,11458.78
2/17/2023 12:00:00 AM,11396.46
2/20/2023 12:00:00 AM,11324.04
2/21/2023 12:00:00 AM,11370.91
2/22/2023 12:00:00 AM,11330.14
2/23/2023 12:00:00 AM,11359.25
2/24/2023 12:00:00 AM,11315.93
2/27/2023 12:00:00 AM,11339.23
2/28/2023 12:00:00 AM,11281.23
3/1/2023 12:00:00 AM,11199.33
3/2/2023 12:00:00 AM,11273.45
3/3/2023 12:00:00 AM,11224.39
3/6/2023 12:00:00 AM,11284.13
3/7/2023 12:00:00 AM,11329.48
3/8/2023 12:00:00 AM,11376.62
3/9/2023 12:00:00 AM,11296.56
3/10/2023 12:00:00 AM,11335.71
3/13/2023 12:00:00 AM,11407.75
3/14/2023 12:00:00 AM,11488.49
3/15/2023 12:00:00 AM,11578.2
3/16/2023 12:00:00 AM,11451.97
3/17/2023 12:00:00 AM,11643.44
3/20/2023 12:00:00 AM,11610.51
3/21/2023 12:00:00 AM,11780.43
3/24/2023 12:00:00 AM,11703.91
3/27/2023 12:00:00 AM,11717.92
3/28/2023 12:00:00 AM,11644.68
3/29/2023 12:00:00 AM,11561.91
3/30/2023 12:00:00 AM,11494.64
3/31/2023 12:00:00 AM,11428.7
4/3/2023 12:00:00 AM,11301.07
4/4/2023 12:00:00 AM,11278.69
4/5/2023 12:00:00 AM,11300.29
4/6/2023 12:00:00 AM,11422.23
4/10/2023 12:00:00 AM,11429.01
4/11/2023 12:00:00 AM,11338.67
4/12/2023 12:00:00 AM,11238.97
4/13/2023 12:00:00 AM,11164.5
4/14/2023 12:00:00 AM,11176.57
4/17/2023 12:00:00 AM,11149.27
4/18/2023 12:00:00 AM,11077.27
4/26/2023 12:00:00 AM,11124.64
4/27/2023 12:00:00 AM,11208.34
4/28/2023 12:00:00 AM,11079.78
5/2/2023 12:00:00 AM,10860.4
5/3/2023 12:00:00 AM,10740.3
5/4/2023 12:00:00 AM,10884.91
5/5/2023 12:00:00 AM,10921.84
5/8/2023 12:00:00 AM,11003.04
5/9/2023 12:00:00 AM,10951.66
5/10/2023 12:00:00 AM,10997.98
5/11/2023 12:00:00 AM,10958.91
5/12/2023 12:00:00 AM,10989.02
5/15/2023 12:00:00 AM,10997.52
5/16/2023 12:00:00 AM,10945.63
5/17/2023 12:00:00 AM,10963.5
5/19/2023 12:00:00 AM,10915.94
5/22/2023 12:00:00 AM,10866.28
5/23/2023 12:00:00 AM,10863.08
5/24/2023 12:00:00 AM,10802.19
5/25/2023 12:00:00 AM,10806.18
5/26/2023 12:00:00 AM,10780.37
5/29/2023 12:00:00 AM,10773.83
5/30/2023 12:00:00 AM,10714.8
5/31/2023 12:00:00 AM,10727.21
6/5/2023 12:00:00 AM,10789.27
6/6/2023 12:00:00 AM,10654.73
6/7/2023 12:00:00 AM,10715.81
6/8/2023 12:00:00 AM,10721.01
6/9/2023 12:00:00 AM,10718.89
6/12/2023 12:00:00 AM,10694.41
6/13/2023 12:00:00 AM,10717.21
6/14/2023 12:00:00 AM,10710.59
6/15/2023 12:00:00 AM,10694.78
6/16/2023 12:00:00 AM,10630.51
6/19/2023 12:00:00 AM,10640.22
6/20/2023 12:00:00 AM,10627.67
6/21/2023 12:00:00 AM,10663.28
6/22/2023 12:00:00 AM,10596
6/23/2023 12:00:00 AM,10570.07
6/26/2023 12:00:00 AM,10542.76
6/27/2023 12:00:00 AM,10545.48
7/3/2023 12:00:00 AM,10502.3
7/4/2023 12:00:00 AM,10435.23
7/5/2023 12:00:00 AM,10447.21
7/6/2023 12:00:00 AM,10453.15
7/7/2023 12:00:00 AM,10521.52
7/10/2023 12:00:00 AM,10620.46
7/11/2023 12:00:00 AM,10727.91
7/12/2023 12:00:00 AM,10846.19
7/13/2023 12:00:00 AM,10861.52
7/14/2023 12:00:00 AM,10881.08
7/17/2023 12:00:00 AM,10868.11
7/18/2023 12:00:00 AM,10877.77
7/20/2023 12:00:00 AM,10900.59
7/21/2023 12:00:00 AM,10792.23
7/24/2023 12:00:00 AM,10685.01
7/25/2023 12:00:00 AM,10675.11
7/26/2023 12:00:00 AM,10667.73
7/27/2023 12:00:00 AM,10740.96
7/28/2023 12:00:00 AM,10773.85
7/31/2023 12:00:00 AM,10845.26
8/1/2023 12:00:00 AM,10669.29
8/2/2023 12:00:00 AM,10644.28
8/3/2023 12:00:00 AM,10691.29
8/4/2023 12:00:00 AM,10688.59
8/7/2023 12:00:00 AM,10687.68
8/8/2023 12:00:00 AM,10733.11
8/9/2023 12:00:00 AM,10693.93
8/10/2023 12:00:00 AM,10665.85
8/11/2023 12:00:00 AM,10625.88
8/14/2023 12:00:00 AM,10581.69
8/15/2023 12:00:00 AM,10635.09
8/16/2023 12:00:00 AM,10575.83
8/18/2023 12:00:00 AM,10582.29
8/21/2023 12:00:00 AM,10591.04
8/22/2023 12:00:00 AM,10593.17
8/23/2023 12:00:00 AM,10568.57
8/24/2023 12:00:00 AM,10589.17
8/25/2023 12:00:00 AM,10547.9
8/28/2023 12:00:00 AM,10529.07
8/29/2023 12:00:00 AM,10491.79
8/30/2023 12:00:00 AM,10474.82
8/31/2023 12:00:00 AM,10462.62
